Threads,AVG Time,Efficiency
2,56.151500,0.1741
4,29.982000,0.1630
8,16.306500,0.1499
16,13.644000,0.0895
