Threads,AVG Time,Efficiency
2,11.678571,0.2600
4,5.431429,0.2795
8,2.920000,0.2600
16,5.252857,0.0723
