Entry,2-avg,2-dev,4-avg,4-dev,8-avg,8-dev
20000,1.055000,0.016279,,,,  
40000,,,3.079000,0.028443,,  
80000,,,,,10.543000,0.093814