Entry,sequential,2-avg,2-dev,4-avg,4-dev,8-avg,8-dev,16-avg,16-dev
60000,6.630000,17.870000,0.000000,9.790000,0.000000,5.410000,0.000000,6.330000,0.000000
70000,9.530000,29.780000,0.000000,15.690000,0.000000,8.550000,0.000000,10.680000,0.000000
80000,12.490000,45.270000,0.000000,22.910000,0.000000,11.320000,0.000000,11.660000,0.000000
90000,15.270000,62.890000,0.000000,29.380000,0.000000,15.050000,0.000000,13.870000,0.000000
100000,18.900000,76.420000,0.000000,40.230000,0.000000,21.060000,0.000000,18.490000,0.000000
110000,22.180000,103.070000,0.000000,55.670000,0.000000,28.490000,0.000000,22.590000,0.000000
