Threads,Size,AVG Time,Efficiency
2,20000,0.345000,1.0000
4,40000,0.880000,0.3920
8,80000,2.567500,0.1344
16,160000,62.402500,0.0055
