Threads,Size,AVG Time,Efficiency
2,20000,0.299500,1.0000
4,40000,0.792500,0.3779
8,80000,2.281000,0.1313
16,160000,25.683000,0.0117
