Entry,sequential,2-avg,2-dev,4-avg,4-dev,8-avg,8-dev,16-avg,16-dev
60000,6.466000,15.957000,0.061895,9.096500,0.065672,4.980000,0.026268,4.222000,0.024000
70000,8.952500,24.604500,0.187309,14.066500,0.096347,7.493000,0.027767,6.586000,0.036524
80000,11.634000,36.080500,0.336325,19.838000,0.189884,10.510500,0.061602,8.924000,0.047371
90000,14.585000,49.624000,0.614755,26.853500,0.241832,14.328500,0.072751,11.665000,0.058009
100000,18.033500,64.208500,0.470736,36.650500,0.242497,19.835500,0.140587,15.650000,0.120250
110000,21.659000,83.888500,0.940756,48.408500,0.522439,26.623000,0.295941,19.075500,0.127141
120000,25.905500,102.684500,0.705156,61.038000,0.600630,35.661000,0.378205,24.425000,0.222070
