Threads,AVG Time,Efficiency
2,12.030300,1.0446
4,12.657100,0.4965
8,14.191700,0.2214