Threads,Size,AVG Time,Efficiency
2,20000,0.251720,2.0695
4,40000,1.036900,0.5024
8,80000,4.659700,0.1118
12,120000,10.833400,0.0481
